{"Train/Loss": 14.887266887169258, "round": 599, "_runtime": 276, "_timestamp": 1619088695, "_step": 1354, "Test/Loss": 20.154093437724644, "Test/MSE:0": 1.3817475239435832, "Test/MSE:1": 1.9647198518117268, "Test/MSE:2": 57.11581293741862}