{"Train/Loss": 112.77866391574635, "round": 0, "_runtime": 8, "_timestamp": 1619162076, "_step": 3, "Test/Loss": 81.9597241083781, "Test/MSE:0": 121.17038218180339, "Test/MSE:1": 42.7490660349528}